profile,label,recipe_indices,recipe_names,score,strength,heat,stability,workability,corrosion,quantum_drift
outer,外装・防錆材,"(12, 12, 12)",A-A-A,123.44807113292084,17.738484479102105,3.9653930837449183,5.267897001098658,14.093563723077022,49.836888523877995,-0.1316470373875658
struct,構造材（骨組み）,"(14, 14, 7)",B-B-B,122.8510180424143,51.83349191295103,3.8236723070386,11.514828413283901,1.4058468390560268,48.582643887488025,-4.4556932922043543e-05
high_temp,高温材（炉・エンジン用）,"(17, 17, 15)",C-C-C,105.57942390109389,21.490840641883814,44.596819370122006,5.640388068946926,8.146622233271051,49.85515299805778,-4.6458077896538444e-05
superconductor,超電導っぽい,"(14, 14, 5)",B-B-B,49.05210307403527,51.39069845532458,0.021072191069117174,11.699452108464753,1.5863610689701604,48.73967801873717,-1.4971045737999233e-06
catalyst,触媒っぽい,"(5, 19, 12)",B-B-A,29.037572595475634,39.70306937745345,-0.21573329897790905,8.107345193197563,3.394112376769762,49.47668067813709,-0.2516975883614937
